t,x0,x1,x2
0,10,1,1
0.01,9.26948,3.56366,1.19086
0.02,8.84195,5.9214,1.5831
0.03,8.67207,8.13568,2.14833
0.04,8.72423,10.2572,2.88059
0.05,8.97042,12.3239,3.78998
0.06,9.38822,14.3599,4.89839
0.07,9.95899,16.3749,6.23634
0.08,10.666,18.3621,7.84004
0.09,11.4925,20.2965,9.74801
0.1,12.4202,22.1327,11.9964
0.11,13.4269,23.803,14.6131
0.12,14.4852,25.2182,17.6091
0.13,15.5608,26.2704,20.9693
0.14,16.6118,26.8406,24.6423
0.15,17.589,26.8125,28.5326
0.16,18.4376,26.091,32.4976
0.17,19.1009,24.6242,36.3539
0.18,19.5256,22.4228,39.8952
0.19,19.668,19.5714,42.9188
0.2,19.5001,16.2252,45.2583
0.21,19.014,12.5909,46.8115
0.22,18.2236,8.89527,47.556
0.23,17.1625,5.35055,47.5476
0.24,15.8794,2.12573,46.9033
0.25,14.4317,-0.669043,45.7746
0.26,12.8788,-2.98406,44.3207
0.27,11.2768,-4.8208,42.6867
0.28,9.67406,-6.21709,40.9912
0.29,8.10998,-7.23168,39.3216
0.3,6.61395,-7.9314,37.7359
0.31,5.20625,-8.38204,36.2675
0.32,3.89923,-8.64304,34.9314
0.33,2.69885,-8.76503,33.7296
0.34,1.60611,-8.78926,32.6565
0.35,0.618432,-8.74834,31.7018
0.36,-0.26925,-8.66731,30.8534
0.37,-1.06359,-8.565,30.0989
0.38,-1.77215,-8.45528,29.4265
0.39,-2.4029,-8.34812,28.8258
0.4,-2.96384,-8.25055,28.2875
0.41,-3.46278,-8.16735,27.8039
0.42,-3.90715,-8.10159,27.3684
0.43,-4.3039,-8.05511,26.9757
0.44,-4.65944,-8.02883,26.6218
0.45,-4.97963,-8.02295,26.3031
0.46,-5.26977,-8.0372,26.0172
0.47,-5.53461,-8.07092,25.7621
0.48,-5.77835,-8.12316,25.5362
0.49,-6.00473,-8.19277,25.3386
0.5,-6.21697,-8.27846,25.1685
0.51,-6.41789,-8.37877,25.0255
0.52,-6.60988,-8.49215,24.9092
0.53,-6.79495,-8.61695,24.8196
0.54,-6.97477,-8.75142,24.7566
0.55,-7.15067,-8.89374,24.7201
0.56,-7.32368,-9.04197,24.7101
0.57,-7.49453,-9.1941,24.7266
0.58,-7.66371,-9.34803,24.7694
0.59,-7.83143,-9.50157,24.8382
0.6,-7.9977,-9.65246,24.9327
0.61,-8.16227,-9.79836,25.0522
0.62,-8.32474,-9.93691,25.1958
0.63,-8.48447,-10.0657,25.3624
0.64,-8.6407,-10.1824,25.5507
0.65,-8.79248,-10.2846,25.7588
0.66,-8.93875,-10.3701,25.9847
0.67,-9.07834,-10.4368,26.226
0.68,-9.21001,-10.4829,26.4799
0.69,-9.33247,-10.5067,26.7436
0.7,-9.44441,-10.5069,27.0135
0.71,-9.54454,-10.4826,27.2863
0.72,-9.63163,-10.4334,27.558
0.73,-9.70453,-10.3592,27.825
0.74,-9.76224,-10.2604,28.0834
0.75,-9.80391,-10.1381,28.3293
0.76,-9.82889,-9.99363,28.5592
0.77,-9.83676,-9.82899,28.7696
0.78,-9.82732,-9.64649,28.9575
0.79,-9.80066,-9.44881,29.1204
0.8,-9.75711,-9.23894,29.2559
0.81,-9.69727,-9.02004,29.3625
0.82,-9.62199,-8.79539,29.439
0.83,-9.53235,-8.5683,29.4849
0.84,-9.42964,-8.342,29.5001
0.85,-9.31533,-8.11955,29.485
0.86,-9.19104,-7.90385,29.4406
0.87,-9.05848,-7.69748,29.3682
0.88,-8.91944,-7.50272,29.2695
0.89,-8.77575,-7.32156,29.1463
0.9,-8.62921,-7.15558,29.0008
0.91,-8.48161,-7.00609,28.8353
0.92,-8.33466,-6.87404,28.6522
0.93,-8.19001,-6.76007,28.4539
0.94,-8.04917,-6.66458,28.2427
0.95,-7.91354,-6.58771,28.0212
0.96,-7.7844,-6.52941,27.7917
0.97,-7.6629,-6.48946,27.5563
0.98,-7.55003,-6.46748,27.3173
0.99,-7.44666,-6.46303,27.0767
1,-7.35353,-6.47555,26.8364
1.01,-7.27125,-6.50444,26.5983
1.02,-7.20031,-6.54908,26.3643
1.03,-7.14111,-6.60879,26.1359
1.04,-7.09393,-6.68291,25.9148
1.05,-7.05896,-6.77075,25.7024
1.06,-7.03631,-6.87163,25.5003
1.07,-7.02602,-6.98485,25.3099
1.08,-7.02805,-7.10971,25.1324
1.09,-7.04231,-7.24548,24.9693
1.1,-7.06862,-7.39141,24.8217
1.11,-7.10678,-7.54671,24.6908
1.12,-7.15651,-7.71054,24.5779
1.13,-7.21747,-7.882,24.4839
1.14,-7.28928,-8.0601,24.4101
1.15,-7.37147,-8.24377,24.3574
1.16,-7.46355,-8.43183,24.3268
1.17,-7.56492,-8.62299,24.3189
1.18,-7.67493,-8.81582,24.3346
1.19,-7.79284,-9.00877,24.3744
1.2,-7.91783,-9.20013,24.4388
1.21,-8.04898,-9.38806,24.528
1.22,-8.18529,-9.57061,24.6419
1.23,-8.32566,-9.74567,24.7804
1.24,-8.46888,-9.91106,24.9428
1.25,-8.61365,-10.0645,25.1285
1.26,-8.75857,-10.2037,25.336
1.27,-8.90216,-10.3263,25.564
1.28,-9.04287,-10.4301,25.8104
1.29,-9.17907,-10.513,26.073
1.3,-9.3091,-10.573,26.3489
1.31,-9.43129,-10.6084,26.6351
1.32,-9.54398,-10.6179,26.9282
1.33,-9.64555,-10.6004,27.2244
1.34,-9.73446,-10.5554,27.5198
1.35,-9.80929,-10.4829,27.8103
1.36,-9.86878,-10.3832,28.0918
1.37,-9.91186,-10.2575,28.3602
1.38,-9.93767,-10.1073,28.6114
1.39,-9.94562,-9.93461,28.8419
1.4,-9.93541,-9.74204,29.0482
1.41,-9.90699,-9.53252,29.2276
1.42,-9.86065,-9.30929,29.3775
1.43,-9.79696,-9.07586,29.4962
1.44,-9.71676,-8.83583,29.5824
1.45,-9.62119,-8.59284,29.6355
1.46,-9.51158,-8.35044,29.6554
1.47,-9.38951,-8.11202,29.6426
1.48,-9.25668,-7.88073,29.5982
1.49,-9.11495,-7.65942,29.5236
1.5,-8.96622,-7.45057,29.4206
1.51,-8.81247,-7.25631,29.2913
1.52,-8.65564,-7.07837,29.1381
1.53,-8.49765,-6.91811,28.9635
1.54,-8.34033,-6.77654,28.77
1.55,-8.18545,-6.65431,28.5603
1.56,-8.03463,-6.5518,28.337
1.57,-7.88936,-6.46911,28.1027
1.58,-7.751,-6.40614,27.8598
1.59,-7.62077,-6.36261,27.6107
1.6,-7.4997,-6.33807,27.3577
1.61,-7.38872,-6.33199,27.103
1.62,-7.28859,-6.34377,26.8486
1.63,-7.19994,-6.37273,26.5964
1.64,-7.1233,-6.41819,26.3484
1.65,-7.05904,-6.47943,26.1061
1.66,-7.00746,-6.55575,25.8713
1.67,-6.96874,-6.64641,25.6456
1.68,-6.94301,-6.75072,25.4304
1.69,-6.93028,-6.86797,25.2272
1.7,-6.93052,-6.99745,25.0374
1.71,-6.94363,-7.13844,24.8622
1.72,-6.96942,-7.29018,24.7031
1.73,-7.00769,-7.45191,24.5613
1.74,-7.05816,-7.6228,24.438
1.75,-7.1205,-7.80197,24.3344
1.76,-7.19432,-7.98845,24.2516
1.77,-7.27917,-8.18117,24.1908
1.78,-7.37454,-8.37897,24.1528
1.79,-7.47985,-8.58056,24.1387
1.8,-7.59445,-8.78449,24.1493
1.81,-7.7176,-8.9892,24.1852
1.82,-7.84848,-9.19292,24.2471
1.83,-7.98617,-9.39377,24.3351
1.84,-8.12964,-9.5897,24.4496
1.85,-8.27778,-9.77849,24.5903
1.86,-8.42935,-9.95783,24.7568
1.87,-8.58301,-10.1253,24.9484
1.88,-8.7373,-10.2783,25.1639
1.89,-8.89068,-10.4145,25.4018
1.9,-9.0415,-10.5312,25.6602
1.91,-9.18804,-10.6262,25.9368
1.92,-9.32852,-10.6971,26.2286
1.93,-9.46115,-10.7421,26.5325
1.94,-9.58412,-10.7595,26.8449
1.95,-9.69564,-10.748,27.1618
1.96,-9.79403,-10.7069,27.479
1.97,-9.8777,-10.6359,27.7921
1.98,-9.94523,-10.5354,28.0964
1.99,-9.99537,-10.4064,28.3876
2,-10.0272,-10.2504,28.6613
2.01,-10.0398,-10.0696,28.9134
2.02,-10.033,-9.86663,29.1401
2.03,-10.0066,-9.64464,29.3381
2.04,-9.96076,-9.40717,29.5047
2.05,-9.8961,-9.15802,29.638
2.06,-9.81349,-8.90115,29.7363
2.07,-9.71407,-8.64055,29.7989
2.08,-9.5993,-8.38013,29.8258
2.09,-9.47083,-8.12364,29.8173
2.1,-9.3305,-7.87453,29.7747
2.11,-9.18031,-7.63595,29.6994
2.12,-9.02233,-7.41064,29.5935
2.13,-8.85868,-7.20091,29.4591
2.14,-8.69148,-7.00866,29.299
2.15,-8.5228,-6.83535,29.1158
2.16,-8.35464,-6.68205,28.9122
2.17,-8.18889,-6.54946,28.6912
2.18,-8.02732,-6.43793,28.4556
2.19,-7.87153,-6.34754,28.2081
2.2,-7.72298,-6.27813,27.9513
2.21,-7.58296,-6.22934,27.6879
2.22,-7.4526,-6.20068,27.4202
2.23,-7.33287,-6.19153,27.1505
2.24,-7.22458,-6.20121,26.8809
2.25,-7.1284,-6.22896,26.6135
2.26,-7.04485,-6.27404,26.3502
2.27,-6.97435,-6.33568,26.0927
2.28,-6.9172,-6.41312,25.8429
2.29,-6.87359,-6.5056,25.6022
2.3,-6.84362,-6.6124,25.3722
2.31,-6.82734,-6.73278,25.1545
2.32,-6.82469,-6.86604,24.9505
2.33,-6.83556,-7.01146,24.7615
2.34,-6.8598,-7.16831,24.5889
2.35,-6.89718,-7.33583,24.434
2.36,-6.94743,-7.51323,24.2981
2.37,-7.01023,-7.69965,24.1824
2.38,-7.08518,-7.89415,24.0883
2.39,-7.17186,-8.09571,24.0167
2.4,-7.26977,-8.30319,23.969
2.41,-7.37835,-8.5153,23.946
2.42,-7.49694,-8.73062,23.9487
2.43,-7.62483,-8.94757,23.978
2.44,-7.7612,-9.16439,24.0346
2.45,-7.90514,-9.37914,24.1188
2.46,-8.05564,-9.5897,24.2311
2.47,-8.21156,-9.79376,24.3715
2.48,-8.37164,-9.98889,24.5396
2.49,-8.53453,-10.1725,24.7349
2.5,-8.69872,-10.3418,24.9564
2.51,-8.8626,-10.4942,25.2026
2.52,-9.02445,-10.6269,25.4717
2.53,-9.18247,-10.7372,25.7613
2.54,-9.33475,-10.8225,26.0686
2.55,-9.47936,-10.8806,26.3903
2.56,-9.61434,-10.9095,26.7226
2.57,-9.73775,-10.9076,27.0614
2.58,-9.8477,-10.8739,27.4021
2.59,-9.94241,-10.8078,27.7399
2.6,-10.0203,-10.7096,28.0701
2.61,-10.0798,-10.58,28.3875
2.62,-10.1199,-10.4205,28.6874
2.63,-10.1397,-10.2333,28.9651
2.64,-10.1385,-10.0211,29.2165
2.65,-10.1162,-9.78737,29.4377
2.66,-10.0729,-9.53581,29.6257
2.67,-10.009,-9.27055,29.778
2.68,-9.92551,-8.99593,29.8929
2.69,-9.82355,-8.71634,29.9693
2.7,-9.70462,-8.43611,30.0071
2.71,-9.57047,-8.1594,30.0066
2.72,-9.42309,-7.89008,29.969
2.73,-9.2646,-7.63162,29.8959
2.74,-9.09726,-7.3871,29.7894
2.75,-8.92334,-7.15909,29.652
2.76,-8.74517,-6.9497,29.4866
2.77,-8.56499,-6.76056,29.2959
2.78,-8.38499,-6.59282,29.0832
2.79,-8.20722,-6.44723,28.8515
2.8,-8.0336,-6.32417,28.6038
2.81,-7.86589,-6.22371,28.343
2.82,-7.70567,-6.14563,28.0722
2.83,-7.55432,-6.08951,27.7939
2.84,-7.41308,-6.05477,27.5107
2.85,-7.28298,-6.04071,27.2251
2.86,-7.16489,-6.04656,26.9393
2.87,-7.05952,-6.07149,26.6555
2.88,-6.96745,-6.11468,26.3756
2.89,-6.88909,-6.17529,26.1015
2.9,-6.82477,-6.25249,25.8349
2.91,-6.77469,-6.3455,25.5776
2.92,-6.73896,-6.45356,25.3311
2.93,-6.71761,-6.57591,25.0969
2.94,-6.71059,-6.71184,24.8765
2.95,-6.71781,-6.86064,24.6714
2.96,-6.7391,-7.02161,24.4829
2.97,-6.77423,-7.194,24.3125
2.98,-6.82295,-7.37706,24.1614
2.99,-6.88494,-7.56999,24.031
3,-6.95983,-7.77188,23.9226
3.01,-7.0472,-7.98177,23.8374
3.02,-7.14657,-8.19856,23.7766
3.03,-7.25741,-8.42102,23.7415
3.04,-7.37908,-8.64777,23.733
3.05,-7.5109,-8.87724,23.7523
3.06,-7.65207,-9.10769,23.8
3.07,-7.80171,-9.33717,23.877
3.08,-7.95881,-9.56353,23.9836
3.09,-8.12226,-9.78439,24.1202
3.1,-8.2908,-9.99721,24.2866
3.11,-8.46305,-10.1993,24.4824
3.12,-8.63751,-10.3876,24.7068
3.13,-8.81251,-10.5594,24.9587
3.14,-8.98627,-10.7115,25.2361
3.15,-9.1569,-10.8409,25.537
3.16,-9.32239,-10.9448,25.8585
3.17,-9.48068,-11.0204,26.1973
3.18,-9.62963,-11.0655,26.5496
3.19,-9.76714,-11.0779,26.911
3.2,-9.8911,-11.0562,27.2767
3.21,-9.99952,-10.9997,27.6416
3.22,-10.0905,-10.908,28.0005
3.23,-10.1625,-10.7817,28.3478
3.24,-10.214,-10.6222,28.6782
3.25,-10.2438,-10.4316,28.9865
3.26,-10.2513,-10.2125,29.2679
3.27,-10.236,-9.96861,29.518
3.28,-10.1979,-9.7038,29.7333
3.29,-10.1374,-9.42256,29.9106
3.3,-10.0553,-9.12959,30.0478
3.31,-9.9527,-8.82975,30.1437
3.32,-9.83123,-8.52787,30.1978
3.33,-9.69268,-8.22857,30.2102
3.34,-9.53914,-7.93623,30.1821
3.35,-9.37289,-7.65477,30.1152
3.36,-9.19634,-7.38768,30.0118
3.37,-9.01199,-7.13789,29.8744
3.38,-8.82235,-6.9078,29.706
3.39,-8.62989,-6.69924,29.51
3.4,-8.437,-6.51355,29.2896
3.41,-8.24593,-6.35157,29.0481
3.42,-8.0588,-6.21374,28.7889
3.43,-7.87753,-6.10011,28.5153
3.44,-7.70386,-6.01044,28.2302
3.45,-7.53933,-5.94424,27.9367
3.46,-7.38526,-5.90086,27.6374
3.47,-7.24279,-5.87949,27.3351
3.48,-7.11288,-5.87928,27.032
3.49,-6.9963,-5.8993,26.7305
3.5,-6.89366,-5.93863,26.4325
3.51,-6.80543,-5.99634,26.1401
3.52,-6.73194,-6.07155,25.8551
3.53,-6.67341,-6.16341,25.5792
3.54,-6.62996,-6.27112,25.3141
3.55,-6.60164,-6.3939,25.0612
3.56,-6.58839,-6.53102,24.8222
3.57,-6.59012,-6.68178,24.5984
3.58,-6.60666,-6.84549,24.3914
3.59,-6.63781,-7.02145,24.2025
3.6,-6.6833,-7.20895,24.0332
3.61,-6.74283,-7.40724,23.8848
3.62,-6.81605,-7.61548,23.7587
3.63,-6.90257,-7.83279,23.6563
3.64,-7.00194,-8.05813,23.5788
3.65,-7.11363,-8.29035,23.5276
3.66,-7.23707,-8.52815,23.5039
3.67,-7.37161,-8.77003,23.5088
3.68,-7.51649,-9.0143,23.5434
3.69,-7.67087,-9.25903,23.6086
3.7,-7.83378,-9.50208,23.705
3.71,-8.00415,-9.74108,23.8331
3.72,-8.18074,-9.97339,23.9933
3.73,-8.3622,-10.1962,24.1852
3.74,-8.54701,-10.4064,24.4084
3.75,-8.7335,-10.6009,24.6619
3.76,-8.91986,-10.7764,24.9442
3.77,-9.10413,-10.9294,25.2532
3.78,-9.28421,-11.0568,25.5864
3.79,-9.45791,-11.1555,25.9405
3.8,-9.62295,-11.2224,26.3117
3.81,-9.77702,-11.2552,26.6955
3.82,-9.91782,-11.2518,27.087
3.83,-10.0431,-11.2109,27.4809
3.84,-10.1507,-11.1318,27.8713
3.85,-10.2387,-11.0146,28.2523
3.86,-10.3053,-10.8603,28.618
3.87,-10.3493,-10.6708,28.9625
3.88,-10.3694,-10.4487,29.2802
3.89,-10.365,-10.1976,29.5662
3.9,-10.3359,-9.92156,29.816
3.91,-10.2823,-9.62539,30.0259
3.92,-10.2048,-9.31419,30.1932
3.93,-10.1046,-8.99327,30.3161
3.94,-9.98309,-8.66803,30.3937
3.95,-9.84223,-8.34369,30.426
3.96,-9.68416,-8.02521,30.4138
3.97,-9.51128,-7.7171,30.3589
3.98,-9.32621,-7.42338,30.2635
3.99,-9.13163,-7.14747,30.1305
4,-8.93029,-6.89216,29.9631
4.01,-8.7249,-6.65963,29.7647
4.02,-8.5181,-6.45147,29.5389
4.03,-8.31238,-6.26869,29.2896
4.04,-8.11011,-6.11181,29.0202
4.05,-7.91341,-5.98095,28.7343
4.06,-7.72422,-5.87584,28.4354
4.07,-7.54426,-5.79596,28.1265
4.08,-7.37502,-5.74055,27.8108
4.09,-7.21776,-5.70874,27.4909
4.1,-7.07353,-5.69953,27.1695
4.11,-6.94321,-5.71189,26.8489
4.12,-6.82747,-5.74479,26.5314
4.13,-6.72682,-5.79719,26.219
4.14,-6.64164,-5.86813,25.9136
4.15,-6.57218,-5.95667,25.617
4.16,-6.51857,-6.06194,25.3309
4.17,-6.48086,-6.18314,25.0569
4.18,-6.45901,-6.31951,24.7965
4.19,-6.45292,-6.47035,24.5513
4.2,-6.46243,-6.63497,24.3226
4.21,-6.48735,-6.81272,24.1121
4.22,-6.52742,-7.00294,23.9211
4.23,-6.58235,-7.20493,23.751
4.24,-6.65182,-7.41795,23.6033
4.25,-6.73545,-7.6412,23.4795
4.26,-6.83282,-7.87376,23.3809
4.27,-6.94347,-8.11458,23.309
4.28,-7.06685,-8.36247,23.2651
4.29,-7.20238,-8.61606,23.2505
4.3,-7.34934,-8.87373,23.2666
4.31,-7.50697,-9.13369,23.3143
4.32,-7.67437,-9.39383,23.3948
4.33,-7.8505,-9.65183,23.5087
4.34,-8.03422,-9.90506,23.6565
4.35,-8.22421,-10.1507,23.8386
4.36,-8.41899,-10.3855,24.0546
4.37,-8.61692,-10.6061,24.3041
4.38,-8.81619,-10.8091,24.5858
4.39,-9.01481,-10.9907,24.8981
4.4,-9.21063,-11.1473,25.2386
4.41,-9.40136,-11.2753,25.6044
4.42,-9.58459,-11.3711,25.9917
4.43,-9.75783,-11.4318,26.3963
4.44,-9.91855,-11.4547,26.8132
4.45,-10.0642,-11.4376,27.2366
4.46,-10.1924,-11.3793,27.6607
4.47,-10.3009,-11.2792,28.0789
4.48,-10.3874,-11.1377,28.4846
4.49,-10.4504,-10.9564,28.8714
4.5,-10.4882,-10.7375,29.2327
4.51,-10.5,-10.4843,29.5627
4.52,-10.485,-10.2011,29.8561
4.53,-10.4432,-9.89281,30.1082
4.54,-10.3751,-9.56484,30.3155
4.55,-10.2816,-9.22303,30.4754
4.56,-10.164,-8.87335,30.5864
4.57,-10.0241,-8.52175,30.6479
4.58,-9.86427,-8.17389,30.6606
4.59,-9.68693,-7.83504,30.6259
4.6,-9.49485,-7.50992,30.5461
4.61,-9.29094,-7.2026,30.424
4.62,-9.07818,-6.91646,30.263
4.63,-8.85958,-6.65416,30.067
4.64,-8.63806,-6.41767,29.8399
4.65,-8.41641,-6.20829,29.5856
4.66,-8.19728,-6.02675,29.3083
4.67,-7.98308,-5.87325,29.0118
4.68,-7.776,-5.74759,28.7
4.69,-7.578,-5.64921,28.3762
4.7,-7.39077,-5.57729,28.0438
4.71,-7.21575,-5.53083,27.7059
4.72,-7.05415,-5.50873,27.3652
4.73,-6.90696,-5.50982,27.0244
4.74,-6.77495,-5.53291,26.6858
4.75,-6.65872,-5.57685,26.3516
4.76,-6.55869,-5.64054,26.0237
4.77,-6.47516,-5.72294,25.7041
4.78,-6.40829,-5.8231,25.3946
4.79,-6.35813,-5.94013,25.0966
4.8,-6.32467,-6.07324,24.812
4.81,-6.3078,-6.2217,24.5421
4.82,-6.30739,-6.38483,24.2884
4.83,-6.32322,-6.562,24.0526
4.84,-6.35506,-6.75259,23.836
4.85,-6.40263,-6.95599,23.6401
4.86,-6.46562,-7.17154,23.4664
4.87,-6.54369,-7.39856,23.3164
4.88,-6.63646,-7.63625,23.1917
4.89,-6.7435,-7.88372,23.0936
4.9,-6.86434,-8.13993,23.0238
4.91,-6.99843,-8.40366,22.9837
4.92,-7.14516,-8.67347,22.9747
4.93,-7.30384,-8.94772,22.9982
4.94,-7.47365,-9.22447,23.0556
4.95,-7.65367,-9.5015,23.1478
4.96,-7.84284,-9.7763,23.2757
4.97,-8.03993,-10.046,23.44
4.98,-8.24356,-10.3075,23.641
4.99,-8.45217,-10.5573,23.8785
5,-8.66398,-10.7918,24.1518
5.01,-8.87705,-11.007,24.4599
5.02,-9.08922,-11.1988,24.8008
5.03,-9.29816,-11.3632,25.172
5.04,-9.50137,-11.4962,25.5702
5.05,-9.69622,-11.5938,25.9913
5.06,-9.87997,-11.6527,26.4305
5.07,-10.0498,-11.67,26.8823
5.08,-10.2031,-11.6434,27.3403
5.09,-10.337,-11.5715,27.7978
5.1,-10.4492,-11.4538,28.2476
5.11,-10.5373,-11.291,28.6824
5.12,-10.5994,-11.0849,29.095
5.13,-10.6339,-10.8384,29.4783
5.14,-10.64,-10.5552,29.8259
5.15,-10.6169,-10.2405,30.132
5.16,-10.5648,-9.89974,30.3918
5.17,-10.4842,-9.53925,30.6018
5.18,-10.3763,-9.16562,30.7593
5.19,-10.2427,-8.78553,30.8632
5.2,-10.0856,-8.40552,30.9132
5.21,-9.90759,-8.03177,30.9105
5.22,-9.71146,-7.66994,30.857
5.23,-9.50035,-7.325,30.7556
5.24,-9.27749,-7.00113,30.6098
5.25,-9.04618,-6.70173,30.4235
5.26,-8.80967,-6.42935,30.2011
5.27,-8.57114,-6.18578,29.9471
5.28,-8.33357,-5.9721,29.6658
5.29,-8.09973,-5.78875,29.3617
5.3,-7.87217,-5.63563,29.039
5.31,-7.65313,-5.51222,28.7015
5.32,-7.4446,-5.41768,28.3531
5.33,-7.24827,-5.3509,27.9971
5.34,-7.06556,-5.31064,27.6366
5.35,-6.89763,-5.29558,27.2745
5.36,-6.74542,-5.30437,26.9133
5.37,-6.60962,-5.33566,26.5555
5.38,-6.49077,-5.38819,26.2031
5.39,-6.3892,-5.46078,25.8581
5.4,-6.30513,-5.55233,25.5224
5.41,-6.23865,-5.66186,25.1976
5.42,-6.18976,-5.78848,24.8855
5.43,-6.15836,-5.93141,24.5875
5.44,-6.14431,-6.08994,24.3052
5.45,-6.14741,-6.26345,24.0401
5.46,-6.16743,-6.45135,23.7936
5.47,-6.2041,-6.65309,23.5674
5.48,-6.25713,-6.86811,23.3627
5.49,-6.32619,-7.09584,23.1813
5.5,-6.41094,-7.33564,23.0247
5.51,-6.511,-7.58679,22.8945
5.52,-6.62595,-7.84845,22.7922
5.53,-6.75533,-8.1196,22.7195
5.54,-6.89862,-8.39905,22.678
5.55,-7.05521,-8.68538,22.6694
5.56,-7.22441,-8.97691,22.695
5.57,-7.40542,-9.27164,22.7565
5.58,-7.59732,-9.56726,22.855
5.59,-7.79902,-9.86112,22.9916
5.6,-8.00929,-10.1502,23.1671
5.61,-8.22669,-10.4311,23.382
5.62,-8.44959,-10.7001,23.6362
5.63,-8.67614,-10.9531,23.9293
5.64,-8.90426,-11.1859,24.2601
5.65,-9.13166,-11.3939,24.6268
5.66,-9.35584,-11.5726,25.0266
5.67,-9.57407,-11.7173,25.4561
5.68,-9.78351,-11.8239,25.911
5.69,-9.98115,-11.8884,26.3859
5.7,-10.1639,-11.9074,26.8747
5.71,-10.3288,-11.8783,27.3707
5.72,-10.4729,-11.7994,27.8662
5.73,-10.5933,-11.6703,28.3532
5.74,-10.6875,-11.4916,28.8238
5.75,-10.7534,-11.2653,29.2696
5.76,-10.7894,-10.9946,29.683
5.77,-10.7942,-10.6839,30.0568
5.78,-10.7672,-10.3389,30.3845
5.79,-10.7086,-9.96589,30.6611
5.8,-10.619,-9.57204,30.8826
5.81,-10.4998,-9.16475,31.0464
5.82,-10.3528,-8.75151,31.1512
5.83,-10.1804,-8.33962,31.1973
5.84,-9.98562,-7.93591,31.186
5.85,-9.77159,-7.54655,31.1199
5.86,-9.54179,-7.17689,31.0024
5.87,-9.29982,-6.83137,30.8375
5.88,-9.04931,-6.5135,30.6299
5.89,-8.79383,-6.22583,30.3844
5.9,-8.53683,-5.97004,30.1061
5.91,-8.28151,-5.74702,29.7997
5.92,-8.03087,-5.55698,29.4702
5.93,-7.78758,-5.39954,29.122
5.94,-7.554,-5.2739,28.7593
5.95,-7.33219,-5.17892,28.3862
5.96,-7.12387,-5.11321,28.006
5.97,-6.93048,-5.07528,27.622
5.98,-6.75317,-5.06357,27.2372
5.99,-6.59282,-5.07652,26.8541
6,-6.4501,-5.11265,26.4751
6.01,-6.32545,-5.17053,26.1023
6.02,-6.21918,-5.2489,25.7377
6.03,-6.13142,-5.34658,25.3831
6.04,-6.0622,-5.46255,25.0402
6.05,-6.01146,-5.59591,24.7105
6.06,-5.97904,-5.74589,24.3956
6.07,-5.96475,-5.91181,24.097
6.08,-5.96836,-6.09308,23.8161
6.09,-5.9896,-6.2892,23.5546
6.1,-6.02818,-6.49967,23.3138
6.11,-6.0838,-6.72403,23.0953
6.12,-6.15612,-6.9618,22.9007
6.13,-6.24482,-7.21244,22.7317
6.14,-6.34952,-7.47533,22.5897
6.15,-6.46984,-7.74971,22.4767
6.16,-6.60534,-8.03469,22.3944
6.17,-6.75554,-8.32915,22.3444
6.18,-6.91987,-8.63174,22.3286
6.19,-7.09768,-8.94083,22.3487
6.2,-7.28822,-9.25444,22.4064
6.21,-7.4906,-9.57025,22.5032
6.22,-7.70377,-9.88555,22.6404
6.23,-7.92652,-10.1972,22.8191
6.24,-8.1574,-10.5017,23.0401
6.25,-8.39478,-10.795,23.3036
6.26,-8.63677,-11.0728,23.6095
6.27,-8.88122,-11.3303,23.9567
6.28,-9.12575,-11.5627,24.3436
6.29,-9.36768,-11.7647,24.7677
6.3,-9.60414,-11.9312,25.2255
6.31,-9.83204,-12.0574,25.7125
6.32,-10.0481,-12.1385,26.2231
6.33,-10.249,-12.1705,26.751
6.34,-10.4313,-12.1502,27.2885
6.35,-10.5917,-12.0754,27.8275
6.36,-10.727,-11.9451,28.3593
6.37,-10.8344,-11.7597,28.8747
6.38,-10.9113,-11.5212,29.3645
6.39,-10.9558,-11.2329,29.8199
6.4,-10.9664,-10.8996,30.2328
6.41,-10.9423,-10.5274,30.5959
6.42,-10.8835,-10.1235,30.9031
6.43,-10.7906,-9.69578,31.15
6.44,-10.6651,-9.25261,31.3336
6.45,-10.5089,-8.80248,31.4523
6.46,-10.3248,-8.35364,31.5065
6.47,-10.1158,-7.91379,31.4977
6.48,-9.88562,-7.48988,31.4289
6.49,-9.638,-7.08789,31.3038
6.5,-9.37694,-6.71274,31.1272
6.51,-9.10649,-6.36824,30.9044
6.52,-8.83059,-6.05714,30.6407
6.53,-8.55303,-5.78113,30.3418
6.54,-8.27735,-5.54105,30.0132
6.55,-8.0068,-5.33693,29.6601
6.56,-7.74429,-5.16818,29.2876
6.57,-7.49237,-5.03371,28.9001
6.58,-7.25322,-4.93211,28.5018
6.59,-7.02869,-4.86169,28.0966
6.6,-6.82027,-4.82068,27.6878
6.61,-6.62912,-4.80725,27.2785
6.62,-6.45615,-4.81961,26.8712
6.63,-6.30199,-4.85606,26.4684
6.64,-6.16707,-4.91503,26.0723
6.65,-6.05163,-4.99508,25.6847
6.66,-5.95577,-5.09496,25.3076
6.67,-5.87944,-5.21355,24.9424
6.68,-5.82254,-5.34993,24.5909
6.69,-5.78485,-5.50331,24.2544
6.7,-5.76614,-5.67302,23.9345
6.71,-5.76613,-5.85853,23.6326
6.72,-5.78452,-6.05937,23.3502
6.73,-5.82099,-6.27515,23.0888
6.74,-5.87524,-6.50551,22.8499
6.75,-5.94694,-6.75008,22.6351
6.76,-6.03576,-7.00846,22.4461
6.77,-6.14137,-7.28018,22.2846
6.78,-6.2634,-7.56465,22.1524
6.79,-6.40148,-7.86113,22.0514
6.8,-6.55518,-8.16867,21.9834
6.81,-6.724,-8.4861,21.9505
6.82,-6.90739,-8.81194,21.9546
6.83,-7.10467,-9.14436,21.9976
6.84,-7.31504,-9.48115,22.0813
6.85,-7.53755,-9.81969,22.2076
6.86,-7.77106,-10.1569,22.3777
6.87,-8.01422,-10.4891,22.593
6.88,-8.26546,-10.8123,22.8542
6.89,-8.52293,-11.1219,23.1615
6.9,-8.7845,-11.4129,23.5144
6.91,-9.04775,-11.6799,23.9119
6.92,-9.30996,-11.9171,24.3518
6.93,-9.56813,-12.1189,24.8309
6.94,-9.81897,-12.2793,25.345
6.95,-10.059,-12.3929,25.8886
6.96,-10.2845,-12.4546,26.455
6.97,-10.4918,-12.4603,27.0366
6.98,-10.677,-12.4067,27.6246
6.99,-10.8365,-12.292,28.2093
7,-10.967,-12.1157,28.7807
7.01,-11.0653,-11.8791,29.3284
7.02,-11.129,-11.5854,29.8421
7.03,-11.1561,-11.2393,30.3124
7.04,-11.1454,-10.847,30.7305
7.05,-11.0964,-10.4164,31.0891
7.06,-11.0096,-9.9562,31.3825
7.07,-10.8863,-9.47572,31.6067
7.08,-10.7283,-8.98464,31.7595
7.09,-10.5386,-8.49246,31.8408
7.1,-10.3203,-8.00812,31.8521
7.11,-10.0775,-7.53975,31.7962
7.12,-9.81422,-7.09435,31.6775
7.13,-9.53499,-6.67774,31.5011
7.14,-9.24427,-6.29442,31.2729
7.15,-8.94648,-5.94761,30.9991
7.16,-8.64587,-5.63934,30.6859
7.17,-8.34645,-5.37054,30.3397
7.18,-8.05185,-5.14124,29.9662
7.19,-7.76535,-4.95073,29.5712
7.2,-7.48981,-4.7977,29.1596
7.21,-7.22767,-4.68045,28.7361
7.22,-6.98098,-4.59699,28.3049
7.23,-6.75136,-4.54523,27.8695
7.24,-6.54012,-4.523,27.4332
7.25,-6.34821,-4.52822,26.9989
7.26,-6.1763,-4.5589,26.569
7.27,-6.02484,-4.61323,26.1457
7.28,-5.89403,-4.68956,25.7311
7.29,-5.78394,-4.78645,25.3268
7.3,-5.69449,-4.90269,24.9345
7.31,-5.6255,-5.03722,24.5558
7.32,-5.57674,-5.1892,24.1921
7.33,-5.54789,-5.35795,23.8448
7.34,-5.53864,-5.54293,23.5153
7.35,-5.54864,-5.74374,23.2051
7.36,-5.57754,-5.96006,22.9156
7.37,-5.62503,-6.19163,22.6483
7.38,-5.69076,-6.43822,22.4048
7.39,-5.77442,-6.6996,22.1867
7.4,-5.87569,-6.97549,21.9958
7.41,-5.99427,-7.26552,21.834
7.42,-6.12983,-7.56921,21.7031
7.43,-6.28202,-7.88586,21.6051
7.44,-6.45046,-8.2146,21.5423
7.45,-6.63469,-8.55423,21.5167
7.46,-6.83417,-8.90324,21.5305
7.47,-7.04827,-9.25973,21.586
7.48,-7.27618,-9.62133,21.6853
7.49,-7.51694,-9.9852,21.8303
7.5,-7.7694,-10.348,22.0227
7.51,-8.03214,-10.7056,22.2641
7.52,-8.30349,-11.0537,22.5553
7.53,-8.58146,-11.3869,22.8968
7.54,-8.86376,-11.6998,23.2882
7.55,-9.14773,-11.9861,23.7283
7.56,-9.43038,-12.2394,24.2147
7.57,-9.70837,-12.4531,24.7439
7.58,-9.97805,-12.6204,25.3111
7.59,-10.2355,-12.7352,25.9102
7.6,-10.4766,-12.7918,26.5335
7.61,-10.6971,-12.7853,27.1722
7.62,-10.8928,-12.7122,27.8161
7.63,-11.0597,-12.5707,28.4543
7.64,-11.1938,-12.3606,29.0752
7.65,-11.292,-12.0838,29.667
7.66,-11.3514,-11.7441,30.2182
7.67,-11.37,-11.3476,30.7182
7.68,-11.3467,-10.9019,31.1574
7.69,-11.2811,-10.4163,31.5282
7.7,-11.1741,-9.90112,31.8245
7.71,-11.0272,-9.36727,32.0427
7.72,-10.8431,-8.82583,32.1813
7.73,-10.625,-8.28745,32.2409
7.74,-10.377,-7.76201,32.224
7.75,-10.1036,-7.25825,32.1348
7.76,-9.8096,-6.78352,31.9788
7.77,-9.50006,-6.34365,31.7624
7.78,-9.17998,-5.94296,31.4925
7.79,-8.85424,-5.58428,31.1764
7.8,-8.52747,-5.26908,30.821
7.81,-8.20392,-4.9977,30.4334
7.82,-7.88743,-4.7695,30.02
7.83,-7.58138,-4.5831,29.5866
7.84,-7.28866,-4.43655,29.1386
7.85,-7.01169,-4.32758,28.6808
7.86,-6.75242,-4.25369,28.2172
7.87,-6.51238,-4.21233,27.7514
7.88,-6.29273,-4.201,27.2867
7.89,-6.09425,-4.21731,26.8257
7.9,-5.91747,-4.25908,26.3708
7.91,-5.76263,-4.32433,25.924
7.92,-5.6298,-4.41133,25.4871
7.93,-5.51888,-4.5186,25.0619
7.94,-5.42965,-4.64489,24.6497
7.95,-5.36181,-4.78922,24.2521
7.96,-5.31501,-4.9508,23.8703
7.97,-5.28884,-5.12903,23.5057
7.98,-5.28291,-5.32349,23.1596
7.99,-5.29683,-5.53391,22.8335
8,-5.3302,-5.7601,22.5286
8.01,-5.38269,-6.00196,22.2465
8.02,-5.45395,-6.25943,21.9888
8.03,-5.54369,-6.53244,21.7571
8.04,-5.65161,-6.8209,21.5533
8.05,-5.77746,-7.12463,21.3792
8.06,-5.92096,-7.4433,21.237
8.07,-6.08183,-7.77643,21.1288
8.08,-6.25977,-8.12328,21.0568
8.09,-6.4544,-8.48282,21.0236
8.1,-6.66529,-8.85367,21.0314
8.11,-6.89187,-9.23402,21.083
8.12,-7.13345,-9.62156,21.1806
8.13,-7.38917,-10.0135,21.3268
8.14,-7.65791,-10.4062,21.5237
8.15,-7.93833,-10.7957,21.7732
8.16,-8.22878,-11.1772,22.0769
8.17,-8.52729,-11.545,22.4355
8.18,-8.83149,-11.8931,22.8492
8.19,-9.13863,-12.2146,23.3171
8.2,-9.44556,-12.5022,23.8372
8.21,-9.74871,-12.7484,24.4062
8.22,-10.0441,-12.9454,25.0193
8.23,-10.3275,-13.0859,25.6699
8.24,-10.5942,-13.1628,26.3501
8.25,-10.8396,-13.1704,27.0501
8.26,-11.0588,-13.1041,27.7587
8.27,-11.2471,-12.9611,28.4637
8.28,-11.4002,-12.7407,29.1517
8.29,-11.514,-12.4447,29.8093
8.3,-11.5853,-12.077,30.4233
8.31,-11.6117,-11.6442,30.9811
8.32,-11.5915,-11.155,31.4717
8.33,-11.5244,-10.62,31.886
8.34,-11.411,-10.0511,32.2171
8.35,-11.2532,-9.46086,32.4606
8.36,-11.0537,-8.86217,32.615
8.37,-10.8163,-8.26735,32.681
8.38,-10.5455,-7.68778,32.6618
8.39,-10.2465,-7.13343,32.5625
8.4,-9.92479,-6.61259,32.3894
8.41,-9.58599,-6.13175,32.1502
8.42,-9.23581,-5.69552,31.8531
8.43,-8.87972,-5.3068,31.5062
8.44,-8.52288,-4.9669,31.1179
8.45,-8.17002,-4.67579,30.6958
8.46,-7.82535,-4.43237,30.2471
8.47,-7.49255,-4.23471,29.7783
8.48,-7.17473,-4.08029,29.2953
8.49,-6.87443,-3.96624,28.803
8.5,-6.59368,-3.88954,28.3058
8.51,-6.33404,-3.84712,27.8074
8.52,-6.0966,-3.83604,27.311
8.53,-5.88211,-3.85353,26.8194
8.54,-5.69097,-3.89707,26.3347
8.55,-5.52334,-3.96443,25.859
8.56,-5.37914,-4.05369,25.394
8.57,-5.25815,-4.16322,24.9413
8.58,-5.16003,-4.2917,24.5021
8.59,-5.08434,-4.43807,24.0778
8.6,-5.03061,-4.60155,23.6696
8.61,-4.99836,-4.78158,23.2788
8.62,-4.98709,-4.97779,22.9065
8.63,-4.99635,-5.19001,22.5541
8.64,-5.02569,-5.41819,22.2227
8.65,-5.07473,-5.66238,21.9139
8.66,-5.14311,-5.9227,21.6292
8.67,-5.23055,-6.19929,21.3702
8.68,-5.33678,-6.4923,21.1386
8.69,-5.46159,-6.80182,20.9364
8.7,-5.60476,-7.12781,20.7657
8.71,-5.76613,-7.4701,20.6287
8.72,-5.94549,-7.82832,20.5278
8.73,-6.14261,-8.20178,20.4656
8.74,-6.35722,-8.5895,20.4448
8.75,-6.58893,-8.99004,20.4683
8.76,-6.83725,-9.40149,20.5388
8.77,-7.10152,-9.82135,20.6594
8.78,-7.38089,-10.2465,20.8329
8.79,-7.67422,-10.673,21.0617
8.8,-7.98012,-11.0962,21.3484
8.81,-8.2968,-11.5107,21.6947
8.82,-8.62211,-11.9101,22.1016
8.83,-8.95344,-12.2871,22.5696
8.84,-9.28774,-12.634,23.0977
8.85,-9.62142,-12.9422,23.6835
8.86,-9.95045,-13.2028,24.3234
8.87,-10.2703,-13.4068,25.0116
8.88,-10.576,-13.5457,25.7404
8.89,-10.8624,-13.6114,26.5004
8.9,-11.124,-13.5972,27.28
8.91,-11.3553,-13.4983,28.0659
8.92,-11.5509,-13.3118,28.8436
8.93,-11.7059,-13.0376,29.5976
8.94,-11.8159,-12.6784,30.3122
8.95,-11.8774,-12.24,30.9722
8.96,-11.8878,-11.7309,31.5635
8.97,-11.8457,-11.1622,32.0742
8.98,-11.7513,-10.5471,32.4947
8.99,-11.6056,-9.8999,32.8183
9,-11.4112,-9.23573,33.0416
9.01,-11.1719,-8.56941,33.1643
9.02,-10.8924,-7.91487,33.1889
9.03,-10.5783,-7.28457,33.1205
9.04,-10.2358,-6.689,32.9663
9.05,-9.87117,-6.13652,32.7347
9.06,-9.49101,-5.63319,32.4351
9.07,-9.10168,-5.18293,32.0774
9.08,-8.7092,-4.78765,31.671
9.09,-8.31913,-4.44757,31.2251
9.1,-7.93644,-4.1615,30.7483
9.11,-7.56548,-3.92721,30.2482
9.12,-7.2099,-3.74169,29.7314
9.13,-6.87273,-3.6015,29.2038
9.14,-6.55635,-3.50295,28.6704
9.15,-6.26256,-3.4423,28.1353
9.16,-5.99265,-3.41598,27.6021
9.17,-5.74744,-3.4206,27.0735
9.18,-5.52737,-3.4531,26.5521
9.19,-5.33258,-3.51076,26.0398
9.2,-5.16293,-3.59123,25.5382
9.21,-5.0181,-3.69253,25.049
9.22,-4.89764,-3.81307,24.5733
9.23,-4.80099,-3.95156,24.1123
9.24,-4.72755,-4.10707,23.6671
9.25,-4.67669,-4.27893,23.2387
9.26,-4.6478,-4.46673,22.8283
9.27,-4.64029,-4.67031,22.4368
9.28,-4.65363,-4.88965,22.0655
9.29,-4.68735,-5.12493,21.7155
9.3,-4.74102,-5.37642,21.3882
9.31,-4.81432,-5.64446,21.0851
9.32,-4.90697,-5.92948,20.8077
9.33,-5.01876,-6.23185,20.5579
9.34,-5.14955,-6.55195,20.3375
9.35,-5.29922,-6.89005,20.1487
9.36,-5.46769,-7.24627,19.994
9.37,-5.65491,-7.62055,19.8757
9.38,-5.86079,-8.01254,19.7968
9.39,-6.08521,-8.42156,19.7601
9.4,-6.32798,-8.84649,19.7689
9.41,-6.58879,-9.28571,19.8265
9.42,-6.86718,-9.73699,19.9363
9.43,-7.16249,-10.1974,20.1017
9.44,-7.4738,-10.6631,20.326
9.45,-7.79987,-11.1295,20.6125
9.46,-8.13911,-11.5909,20.9637
9.47,-8.48947,-12.0406,21.3818
9.48,-8.84841,-12.471,21.8679
9.49,-9.21287,-12.8733,22.4223
9.5,-9.57918,-13.238,23.0433
9.51,-9.94311,-13.5547,23.7281
9.52,-10.2998,-13.8128,24.4713
9.53,-10.6438,-14.0019,25.2654
9.54,-10.9694,-14.1117,26.1007
9.55,-11.2702,-14.1336,26.9648
9.56,-11.5399,-14.0604,27.8432
9.57,-11.7722,-13.8875,28.7192
9.58,-11.961,-13.6133,29.5751
9.59,-12.101,-13.2397,30.3923
9.6,-12.1874,-12.772,31.1524
9.61,-12.217,-12.2194,31.8385
9.62,-12.1875,-11.5943,32.4355
9.63,-12.0984,-10.9118,32.9313
9.64,-11.9508,-10.1888,33.3172
9.65,-11.7471,-9.44315,33.5887
9.66,-11.4915,-8.69273,33.7448
9.67,-11.1893,-7.95432,33.7883
9.68,-10.8468,-7.24294,33.7253
9.69,-10.471,-6.57123,33.5641
9.7,-10.0694,-5.94914,33.315
9.71,-9.64945,-5.3838,32.9892
9.72,-9.21863,-4.87965,32.5984
9.73,-8.78389,-4.43867,32.154
9.74,-8.35161,-4.06077,31.6668
9.75,-7.92749,-3.74416,31.1465
9.76,-7.51645,-3.48583,30.602
9.77,-7.12261,-3.2819,30.0408
9.78,-6.74929,-3.12797,29.4693
9.79,-6.39909,-3.01947,28.8929
9.8,-6.0739,-2.95181,28.3161
9.81,-5.77501,-2.92062,27.7424
9.82,-5.5032,-2.92186,27.1747
9.83,-5.25879,-2.95188,26.6153
9.84,-5.04175,-3.00747,26.0662
9.85,-4.85179,-3.08588,25.5289
9.86,-4.68837,-3.18485,25.0045
9.87,-4.55084,-3.30252,24.4943
9.88,-4.43845,-3.43747,23.999
9.89,-4.35038,-3.58864,23.5197
9.9,-4.28583,-3.75533,23.0572
9.91,-4.24402,-3.93713,22.6122
9.92,-4.22422,-4.1339,22.1857
9.93,-4.22575,-4.34574,21.7785
9.94,-4.24804,-4.57292,21.3918
9.95,-4.29058,-4.81589,21.0265
9.96,-4.35298,-5.07521,20.6841
9.97,-4.43494,-5.35153,20.3657
9.98,-4.53625,-5.64557,20.0731
9.99,-4.65678,-5.95803,19.808
10,-4.79649,-6.2896,19.5723
